n0,n1,1-Pi0,Effect,S0,S1,Power bonf,Power SD bonf,FDR bonf,FDR SD bonf,Accuracy bonf,Accuracy SD bonf,TPR bonf,TPR SD bonf,FPR bonf,FPR SD bonf,F1 bonf,F1 SD bonf,Power holm,Power SD holm,FDR holm,FDR SD holm,Accuracy holm,Accuracy SD holm,TPR holm,TPR SD holm,FPR holm,FPR SD holm,F1 holm,F1 SD holm,Power sg,Power SD sg,FDR sg,FDR SD sg,Accuracy sg,Accuracy SD sg,TPR sg,TPR SD sg,FPR sg,FPR SD sg,F1 sg,F1 SD sg,Power bh,Power SD bh,FDR bh,FDR SD bh,Accuracy bh,Accuracy SD bh,TPR bh,TPR SD bh,FPR bh,FPR SD bh,F1 bh,F1 SD bh,Power by,Power SD by,FDR by,FDR SD by,Accuracy by,Accuracy SD by,TPR by,TPR SD by,FPR by,FPR SD by,F1 by,F1 SD by,Power Q,Power SD Q,FDR Q,FDR SD Q,Accuracy Q,Accuracy SD Q,TPR Q,TPR SD Q,FPR Q,FPR SD Q,F1 Q,F1 SD Q
5,5,0.25,0.5,0.5,0.5,5.33E-05,0.000135974,0,0,0.500026667,6.80E-05,5.33E-05,0.000135974,0,0,0.000106624,0.000271839,5.33E-05,0.000135974,0,0,0.500026667,6.80E-05,5.33E-05,0.000135974,0,0,0.000106624,0.000271839,0.158373333,0.003993239,0.270841007,0.018385077,0.569382222,0.002662159,0.158373333,0.003993239,0.019608889,0.00133108,0.260225655,0.006561352,6.40E-05,0.000167045,0.02,0.14,0.500030667,8.45E-05,6.40E-05,0.000167045,2.67E-06,1.87E-05,0.000127936,0.0003339,1.33E-05,7.18E-05,0,0,0.500006667,3.59E-05,1.33E-05,7.18E-05,0,0,2.67E-05,0.000143547,8.00E-05,0.000190438,0,0,0.50004,9.52E-05,8.00E-05,0.000190438,0,0,0.000159915,0.000380643
5,5,0.25,0.5,0.5,1,1.33E-05,7.18E-05,0.033333333,0.179505494,0.500004444,3.82E-05,1.33E-05,7.18E-05,4.44E-06,2.39E-05,2.67E-05,0.000143547,1.33E-05,7.18E-05,0.033333333,0.179505494,0.500004444,3.82E-05,1.33E-05,7.18E-05,4.44E-06,2.39E-05,2.67E-05,0.000143547,0.1054,0.004988253,0.514732965,0.022966173,0.534066667,0.003325502,0.1054,0.004988253,0.037266667,0.001662751,0.173184358,0.008196275,1.60E-05,7.84E-05,0.03,0.155241747,0.500005333,3.49E-05,1.60E-05,7.84E-05,5.33E-06,2.61E-05,3.20E-05,0.000156673,0,0,0,0,0.5,0,0,0,0,0,0,0,1.33E-05,7.18E-05,0.033333333,0.179505494,0.500004444,3.82E-05,1.33E-05,7.18E-05,4.44E-06,2.39E-05,2.67E-05,0.000143547
5,5,0.25,0.5,1,0.5,2.67E-05,9.98E-05,0.033333333,0.179505494,0.500011111,5.19E-05,2.67E-05,9.98E-05,4.44E-06,2.39E-05,5.33E-05,0.000199475,2.67E-05,9.98E-05,0.033333333,0.179505494,0.500011111,5.19E-05,2.67E-05,9.98E-05,4.44E-06,2.39E-05,5.33E-05,0.000199475,0.106586667,0.004525169,0.50926949,0.020834112,0.534857778,0.003016779,0.106586667,0.004525169,0.036871111,0.00150839,0.175134188,0.007435375,2.40E-05,9.50E-05,0.06,0.237486842,0.500008,5.10E-05,2.40E-05,9.50E-05,8.00E-06,3.17E-05,4.80E-05,0.000189914,0,0,0,0,0.5,0,0,0,0,0,0,0,2.67E-05,9.98E-05,0.066666667,0.249443826,0.500008889,5.37E-05,2.67E-05,9.98E-05,8.89E-06,3.33E-05,5.33E-05,0.000199475
5,5,0.25,0.5,1,1,1.33E-05,7.18E-05,0,0,0.500006667,3.59E-05,1.33E-05,7.18E-05,0,0,2.67E-05,0.000143547,1.33E-05,7.18E-05,0,0,0.500006667,3.59E-05,1.33E-05,7.18E-05,0,0,2.67E-05,0.000143547,0.091906667,0.00496138,0.575565869,0.023445825,0.525177778,0.003333259,0.091906667,0.00496138,0.041551111,0.001791662,0.151093493,0.008173451,8.00E-06,5.60E-05,0.02,0.14,0.500002667,2.97E-05,8.00E-06,5.60E-05,2.67E-06,1.87E-05,1.60E-05,0.000111955,0,0,0,0,0.5,0,0,0,0,0,0,0,1.33E-05,7.18E-05,0,0,0.500006667,3.59E-05,1.33E-05,7.18E-05,0,0,2.67E-05,0.000143547
5,5,0.25,1,0.5,0.5,0.000866667,0.000594045,0,0,0.500433333,0.000297022,0.000866667,0.000594045,0,0,0.001731129,0.001185677,0.000866667,0.000594045,0,0,0.500433333,0.000297022,0.000866667,0.000594045,0,0,0.001731129,0.001185677,0.210986667,0.001658058,0.028606507,0.007633783,0.604457778,0.001105372,0.210986667,0.001658058,0.002071111,0.000552686,0.34667543,0.00272438,0.16944,0.025746332,0.023971171,0.006494991,0.584024,0.012764783,0.16944,0.025746332,0.001392,0.000442345,0.287908438,0.037366351,0.000186667,0.000422479,0,0,0.500093333,0.00021124,0.000186667,0.000422479,0,0,0.000372907,0.000843615,0.280066667,0.024221882,0.034767286,0.007469882,0.63834,0.011878887,0.280066667,0.024221882,0.003386667,0.000870657,0.433551606,0.029459543
5,5,0.25,1,0.5,1,0.000253333,0.000282528,0.016666667,0.089752747,0.500124444,0.000140616,0.000253333,0.000282528,4.44E-06,2.39E-05,0.000506368,0.00056457,0.000253333,0.000282528,0.016666667,0.089752747,0.500124444,0.000140616,0.000253333,0.000282528,4.44E-06,2.39E-05,0.000506368,0.00056457,0.177213333,0.004015282,0.184100675,0.018486565,0.581942222,0.002676855,0.177213333,0.004015282,0.013328889,0.001338427,0.291181948,0.006597571,0.000784,0.001027494,0.043810245,0.10395613,0.500377333,0.000493803,0.000784,0.001027494,2.93E-05,6.13E-05,0.00156428,0.002047844,1.33E-05,7.18E-05,0,0,0.500006667,3.59E-05,1.33E-05,7.18E-05,0,0,2.67E-05,0.000143547,0.001746667,0.001732769,0.045489418,0.069526443,0.500844444,0.000831836,0.001746667,0.001732769,5.78E-05,8.90E-05,0.003479961,0.003443691
5,5,0.25,1,1,0.5,0.00016,0.00022151,0.033333333,0.179505494,0.500077778,0.000112984,0.00016,0.00022151,4.44E-06,2.39E-05,0.000319851,0.000442781,0.00016,0.00022151,0.033333333,0.179505494,0.500077778,0.000112984,0.00016,0.00022151,4.44E-06,2.39E-05,0.000319851,0.000442781,0.17736,0.003266966,0.183425414,0.01504128,0.58204,0.002177977,0.17736,0.003266966,0.01328,0.001088989,0.291422938,0.005368002,0.000864,0.001344286,0.047585581,0.15601084,0.500418667,0.000657948,0.000864,0.001344286,2.67E-05,6.53E-05,0.001722538,0.002675986,4.00E-05,0.00012,0,0,0.50002,6.00E-05,4.00E-05,0.00012,0,0,8.00E-05,0.000239904,0.001893333,0.002465621,0.049278711,0.098508074,0.50092,0.001208292,0.001893333,0.002465621,5.33E-05,0.000100958,0.003766138,0.00488858
5,5,0.25,1,1,1,5.33E-05,0.000135974,0,0,0.500026667,6.80E-05,5.33E-05,0.000135974,0,0,0.000106624,0.000271839,5.33E-05,0.000135974,0,0,0.500026667,6.80E-05,5.33E-05,0.000135974,0,0,0.000106624,0.000271839,0.158373333,0.003993239,0.270841007,0.018385077,0.569382222,0.002662159,0.158373333,0.003993239,0.019608889,0.00133108,0.260225655,0.006561352,6.40E-05,0.000167045,0.02,0.14,0.500030667,8.45E-05,6.40E-05,0.000167045,2.67E-06,1.87E-05,0.000127936,0.0003339,1.33E-05,7.18E-05,0,0,0.500006667,3.59E-05,1.33E-05,7.18E-05,0,0,2.67E-05,0.000143547,8.00E-05,0.000190438,0,0,0.50004,9.52E-05,8.00E-05,0.000190438,0,0,0.000159915,0.000380643
5,5,0.25,1.5,0.5,0.5,0.007573333,0.001909788,0,0,0.503786667,0.000954894,0.007573333,0.001909788,0,0,0.01502569,0.003760468,0.0076,0.00191555,0,0,0.5038,0.000957775,0.0076,0.00191555,0,0,0.015078181,0.003771881,0.216546667,0.000431844,0.00300798,0.00198823,0.608164444,0.000287896,0.216546667,0.000431844,0.000217778,0.000143948,0.355811151,0.000709569,0.840112,0.011053047,0.028429764,0.003699224,0.915954667,0.005341368,0.840112,0.011053047,0.008202667,0.001132075,0.901023172,0.006111007,0.112293333,0.020749923,0.002318781,0.002919151,0.556102222,0.01036305,0.112293333,0.020749923,8.89E-05,0.000110666,0.201230985,0.033872261,0.888306667,0.007721612,0.038435799,0.004288957,0.938231111,0.003730028,0.888306667,0.007721612,0.011844444,0.001400987,0.923459217,0.004228559
5,5,0.25,1.5,0.5,1,0.001386667,0.000513636,0.008333333,0.044876373,0.500691111,0.000257902,0.001386667,0.000513636,4.44E-06,2.39E-05,0.002768935,0.001024676,0.001386667,0.000513636,0.008333333,0.044876373,0.500691111,0.000257902,0.001386667,0.000513636,4.44E-06,2.39E-05,0.002768935,0.001024676,0.206226667,0.002310979,0.050521793,0.010639865,0.601284444,0.001540652,0.206226667,0.002310979,0.003657778,0.000770326,0.338854201,0.003797204,0.122808,0.017971086,0.036594166,0.008957568,0.560626667,0.008890424,0.122808,0.017971086,0.001554667,0.000438673,0.217379295,0.028415075,0.00032,0.000520513,0,0,0.50016,0.000260256,0.00032,0.000520513,0,0,0.000639254,0.001039519,0.18964,0.021228497,0.048031905,0.009663296,0.593217778,0.010419767,0.18964,0.021228497,0.003204444,0.000788422,0.315710007,0.029632645
5,5,0.25,1.5,1,0.5,0.00124,0.000631189,0.004761905,0.025643642,0.500617778,0.000311714,0.00124,0.000631189,4.44E-06,2.39E-05,0.002476071,0.001258785,0.00124,0.000631189,0.004761905,0.025643642,0.500617778,0.000311714,0.00124,0.000631189,4.44E-06,2.39E-05,0.002476071,0.001258785,0.206013333,0.001628032,0.05150399,0.007495544,0.601142222,0.001085355,0.206013333,0.001628032,0.003728889,0.000542677,0.33850367,0.002675045,0.124256,0.017699674,0.040021641,0.009656438,0.561261333,0.008729331,0.124256,0.017699674,0.001733333,0.000505964,0.219571578,0.027976943,0.000173333,0.000267,0,0,0.500086667,0.0001335,0.000173333,0.000267,0,0,0.000346464,0.000533636,0.194626667,0.016865486,0.049450879,0.007475576,0.595617778,0.008217757,0.194626667,0.016865486,0.003391111,0.000681335,0.322737663,0.023104387
5,5,0.25,1.5,1,1,0.000173333,0.000267,0,0,0.500086667,0.0001335,0.000173333,0.000267,0,0,0.000346464,0.000533636,0.000173333,0.000267,0,0,0.500086667,0.0001335,0.000173333,0.000267,0,0,0.000346464,0.000533636,0.197453333,0.002562256,0.090914672,0.011796759,0.595435556,0.001708171,0.197453333,0.002562256,0.006582222,0.000854085,0.324438602,0.004210082,0.000888,0.001091905,0.012222222,0.071396995,0.500441333,0.000543877,0.000888,0.001091905,5.33E-06,2.61E-05,0.001771993,0.002175853,2.67E-05,9.98E-05,0,0,0.500013333,4.99E-05,2.67E-05,9.98E-05,0,0,5.33E-05,0.000199475,0.00312,0.002986905,0.017209808,0.040289169,0.50154,0.001472146,0.00312,0.002986905,4.00E-05,9.83E-05,0.006201428,0.005925663
5,15,0.25,0.5,0.5,0.5,0.002813333,0.000755307,0.057579365,0.106078604,0.501377778,0.000392271,0.002813333,0.000755307,5.78E-05,0.000107129,0.005608881,0.001502572,0.002813333,0.000755307,0.057579365,0.106078604,0.501377778,0.000392271,0.002813333,0.000755307,5.78E-05,0.000107129,0.005608881,0.001502572,0.1756,0.003715194,0.191528545,0.017104945,0.580866667,0.002476796,0.1756,0.003715194,0.013866667,0.001238398,0.288531055,0.006104492,0.032616,0.006603374,0.095471856,0.032177643,0.515724,0.003179965,0.032616,0.006603374,0.001168,0.000493557,0.062870549,0.01229276,0.002306667,0.001229345,0.039920635,0.08086289,0.501133333,0.000608337,0.002306667,0.001229345,4.00E-05,9.21E-05,0.004599047,0.002447718,0.044586667,0.006769133,0.110520216,0.026095222,0.521357778,0.003231855,0.044586667,0.006769133,0.001871111,0.000619183,0.08482033,0.012286191
5,15,0.25,0.5,0.5,1,0.000306667,0.000337573,0.016666667,0.089752747,0.500151111,0.000168596,0.000306667,0.000337573,4.44E-06,2.39E-05,0.000612907,0.000674548,0.000306667,0.000337573,0.016666667,0.089752747,0.500151111,0.000168596,0.000306667,0.000337573,4.44E-06,2.39E-05,0.000612907,0.000674548,0.158226667,0.003421786,0.271516268,0.015754081,0.569284444,0.002281191,0.158226667,0.003421786,0.019657778,0.001140595,0.259984664,0.00562239,0.00084,0.001189958,0.042095238,0.116414148,0.500405333,0.000583604,0.00084,0.001189958,2.93E-05,7.68E-05,0.001675448,0.002369593,6.67E-05,0.000181353,0,0,0.500033333,9.07E-05,6.67E-05,0.000181353,0,0,0.000133259,0.000362475,0.000973333,0.001096337,0.045873016,0.110646307,0.500468889,0.000538718,0.000973333,0.001096337,3.56E-05,8.39E-05,0.00194203,0.002184766
5,15,0.25,0.5,1,0.5,0.0012,0.000661312,0.341785714,0.261622205,0.500484444,0.000334634,0.0012,0.000661312,0.000231111,0.00016842,0.002394542,0.001318073,0.0012,0.000661312,0.341785714,0.261622205,0.500484444,0.000334634,0.0012,0.000661312,0.000231111,0.00016842,0.002394542,0.001318073,0.105773333,0.004852692,0.513014119,0.022342045,0.534315556,0.003235128,0.105773333,0.004852692,0.037142222,0.001617564,0.173797787,0.007973533,0.003792,0.001533081,0.444397194,0.123236341,0.501381333,0.000694875,0.003792,0.001533081,0.001029333,0.000471812,0.007525697,0.003026147,0.000946667,0.000748213,0.326944444,0.318413917,0.500388889,0.00035154,0.000946667,0.000748213,0.000168889,0.000153703,0.001889205,0.001491835,0.004146667,0.001564552,0.422174971,0.118257189,0.501544444,0.000692624,0.004146667,0.001564552,0.001057778,0.000519753,0.008225945,0.003084776
5,15,0.25,0.5,1,1,0.00036,0.000377359,0.208333333,0.379296376,0.500151111,0.000206511,0.00036,0.000377359,5.78E-05,0.000107129,0.000719382,0.000753885,0.00036,0.000377359,0.208333333,0.379296376,0.500151111,0.000206511,0.00036,0.000377359,5.78E-05,0.000107129,0.000719382,0.000753885,0.10556,0.004898272,0.513996317,0.022551896,0.534173333,0.003265515,0.10556,0.004898272,0.037213333,0.001632757,0.173447256,0.008048426,0.00092,0.000930376,0.259507937,0.335755269,0.500392,0.00044475,0.00092,0.000930376,0.000136,0.000165441,0.001835532,0.00185507,4.00E-05,0.00012,0.066666667,0.249443826,0.500013333,6.75E-05,4.00E-05,0.00012,1.33E-05,5.28E-05,8.00E-05,0.000239904,0.001106667,0.000988916,0.203161376,0.282394895,0.500484444,0.000466646,0.001106667,0.000988916,0.000137778,0.000199208,0.002207591,0.001971204
5,15,0.25,1,0.5,0.5,0.045293333,0.004117842,0.003958322,0.007191276,0.522617778,0.002070815,0.045293333,0.004117842,5.78E-05,0.000107129,0.086617886,0.007546418,0.0454,0.004134731,0.003955592,0.007189342,0.522671111,0.002079739,0.0454,0.004134731,5.78E-05,0.000107129,0.086812862,0.007577574,0.214253333,0.001003903,0.013566605,0.004622023,0.606635556,0.000669269,0.214253333,0.001003903,0.000982222,0.000334634,0.35204294,0.001649529,0.593008,0.017486404,0.05264267,0.005734558,0.791006667,0.008558351,0.593008,0.017486404,0.010994667,0.00131972,0.729262281,0.013322461,0.18284,0.011053012,0.01142098,0.005433891,0.591066667,0.005502888,0.18284,0.011053012,0.000706667,0.000342799,0.30845223,0.015765986,0.667386667,0.017299783,0.06406377,0.005899207,0.826073333,0.008425804,0.667386667,0.017299783,0.01524,0.001572033,0.779029426,0.011945141
5,15,0.25,1,0.5,1,0.007733333,0.001367561,0.001666667,0.008975275,0.503864444,0.000684102,0.007733333,0.001367561,4.44E-06,2.39E-05,0.015344118,0.002695802,0.007733333,0.001367561,0.001666667,0.008975275,0.503864444,0.000684102,0.007733333,0.001367561,4.44E-06,2.39E-05,0.015344118,0.002695802,0.21344,0.001341044,0.017311234,0.006174237,0.606093333,0.00089403,0.21344,0.001341044,0.001253333,0.000447015,0.35070654,0.002203491,0.377152,0.014389694,0.037037532,0.006385823,0.686158667,0.007202282,0.377152,0.014389694,0.004834667,0.000843194,0.541864449,0.015114611,0.03036,0.009282155,0.005128428,0.009977724,0.515155556,0.00464386,0.03036,0.009282155,4.89E-05,8.77E-05,0.058766138,0.017385613,0.447866667,0.015587801,0.047554752,0.006266515,0.720204444,0.007723057,0.447866667,0.015587801,0.007457778,0.001050958,0.609087004,0.014532698
5,15,0.25,1,1,0.5,0.005653333,0.00129299,0.110897396,0.083265839,0.502711111,0.000668738,0.005653333,0.00129299,0.000231111,0.00016842,0.011232339,0.002556784,0.005653333,0.00129299,0.110897396,0.083265839,0.502711111,0.000668738,0.005653333,0.00129299,0.000231111,0.00016842,0.011232339,0.002556784,0.169626667,0.003886295,0.21903008,0.017892703,0.576884444,0.002590863,0.169626667,0.003886295,0.015857778,0.001295432,0.278716179,0.006385631,0.03572,0.005618968,0.179856281,0.036427342,0.516562667,0.002738991,0.03572,0.005618968,0.002594667,0.000583756,0.068400879,0.010382489,0.00752,0.002466631,0.124228211,0.071426516,0.503586667,0.001212943,0.00752,0.002466631,0.000346667,0.000202503,0.014899791,0.004850144,0.0444,0.007937086,0.175520569,0.030305259,0.520628889,0.003777308,0.0444,0.007937086,0.003142222,0.000734087,0.084140311,0.014304583
5,15,0.25,1,1,1,0.002813333,0.000755307,0.057579365,0.106078604,0.501377778,0.000392271,0.002813333,0.000755307,5.78E-05,0.000107129,0.005608881,0.001502572,0.002813333,0.000755307,0.057579365,0.106078604,0.501377778,0.000392271,0.002813333,0.000755307,5.78E-05,0.000107129,0.005608881,0.001502572,0.1756,0.003715194,0.191528545,0.017104945,0.580866667,0.002476796,0.1756,0.003715194,0.013866667,0.001238398,0.288531055,0.006104492,0.032616,0.006603374,0.095471856,0.032177643,0.515724,0.003179965,0.032616,0.006603374,0.001168,0.000493557,0.062870549,0.01229276,0.002306667,0.001229345,0.039920635,0.08086289,0.501133333,0.000608337,0.002306667,0.001229345,4.00E-05,9.21E-05,0.004599047,0.002447718,0.044586667,0.006769133,0.110520216,0.026095222,0.521357778,0.003231855,0.044586667,0.006769133,0.001871111,0.000619183,0.08482033,0.012286191
5,15,0.25,1.5,0.5,0.5,0.165653333,0.006778581,0.001075941,0.001975834,0.582797778,0.003411765,0.165653333,0.006778581,5.78E-05,0.000107129,0.284124625,0.010024972,0.167426667,0.006845092,0.001066045,0.001957301,0.583684444,0.003446047,0.167426667,0.006845092,5.78E-05,0.000107129,0.286729783,0.010089396,0.216933333,0.000377124,0.001227747,0.001736297,0.608422222,0.000251416,0.216933333,0.000377124,8.89E-05,0.000125708,0.356446489,0.000619658,0.945088,0.004983197,0.048610272,0.004477128,0.964492,0.002516784,0.945088,0.004983197,0.016104,0.001564561,0.948215729,0.003231172,0.57852,0.014008816,0.0089278,0.00265702,0.788388889,0.006912085,0.57852,0.014008816,0.001742222,0.000539886,0.730470508,0.011048528,0.966066667,0.003806077,0.060749438,0.004827509,0.972615556,0.002220756,0.966066667,0.003806077,0.020835556,0.001746254,0.952461944,0.003391092
5,15,0.25,1.5,0.5,1,0.072346667,0.005483292,0.000196078,0.001055915,0.536171111,0.002743595,0.072346667,0.005483292,4.44E-06,2.39E-05,0.134880994,0.009567643,0.072973333,0.005434393,0.000194932,0.00104974,0.536484444,0.002719256,0.072973333,0.005434393,4.44E-06,2.39E-05,0.135971209,0.009474666,0.217026667,0.000304339,0.000798036,0.001401192,0.608484444,0.000202893,0.217026667,0.000304339,5.78E-05,0.000101446,0.356599847,0.000500064,0.896536,0.005832658,0.036353502,0.003780997,0.942629333,0.003041291,0.896536,0.005832658,0.011277333,0.001201803,0.928869293,0.003839116,0.52328,0.012930749,0.003575331,0.001732451,0.761326667,0.006453833,0.52328,0.012930749,0.000626667,0.000304339,0.686102104,0.011144768,0.921546667,0.005575885,0.046306811,0.004790393,0.953311111,0.002775839,0.921546667,0.005575885,0.014924444,0.001626424,0.937328411,0.003503242
5,15,0.25,1.5,1,0.5,0.015986667,0.002092484,0.042503503,0.030726208,0.507877778,0.001074014,0.015986667,0.002092484,0.000231111,0.00016842,0.031441012,0.004059824,0.016013333,0.002102654,0.042455193,0.030689297,0.507891111,0.001079161,0.016013333,0.002102654,0.000231111,0.00016842,0.031492568,0.004079559,0.19776,0.002374532,0.089502762,0.010932466,0.59564,0.001583021,0.19776,0.002374532,0.00648,0.000791511,0.324942491,0.003901629,0.184128,0.013443438,0.092627391,0.013064899,0.588928,0.006566377,0.184128,0.013443438,0.006272,0.001044081,0.3059057,0.018706157,0.03352,0.00496215,0.060457557,0.026862907,0.516404444,0.002472661,0.03352,0.00496215,0.000711111,0.000321724,0.064686994,0.009276779,0.248746667,0.020092249,0.096115182,0.009568608,0.619962222,0.009742852,0.248746667,0.020092249,0.008822222,0.001168517,0.389699825,0.024818546
5,15,0.25,1.5,1,1,0.014066667,0.002655477,0.013293067,0.024946185,0.507004444,0.001341523,0.014066667,0.002655477,5.78E-05,0.000107129,0.027725198,0.005169402,0.01408,0.00265812,0.013293067,0.024946185,0.507011111,0.001342974,0.01408,0.00265812,5.78E-05,0.000107129,0.027751103,0.005174619,0.205533333,0.002144347,0.053713935,0.009872682,0.600822222,0.001429564,0.205533333,0.002144347,0.003888889,0.000714782,0.337714974,0.003523409,0.24568,0.013611995,0.06346055,0.008887385,0.620061333,0.006662276,0.24568,0.013611995,0.005557333,0.00088461,0.389046071,0.017117402,0.04344,0.006423789,0.01540905,0.013705464,0.521606667,0.003203024,0.04344,0.006423789,0.000226667,0.000209832,0.083135564,0.011797793,0.305826667,0.013560603,0.073821131,0.009946594,0.648842222,0.006581826,0.305826667,0.013560603,0.008142222,0.001254058,0.459634938,0.015247784
15,5,0.25,0.5,0.5,0.5,0.002773333,0.001092683,0.039563492,0.07055396,0.501368889,0.000549945,0.002773333,0.001092683,3.56E-05,5.90E-05,0.005528407,0.00217351,0.002773333,0.001092683,0.039563492,0.07055396,0.501368889,0.000549945,0.002773333,0.001092683,3.56E-05,5.90E-05,0.005528407,0.00217351,0.1742,0.003667151,0.197974217,0.016883755,0.579933333,0.002444768,0.1742,0.003667151,0.014333333,0.001222384,0.286230693,0.006025553,0.033248,0.006859336,0.098096355,0.033223386,0.516021333,0.003355008,0.033248,0.006859336,0.001205333,0.000493124,0.064041467,0.012756312,0.00228,0.001587115,0.009325397,0.02890363,0.501133333,0.000785988,0.00228,0.001587115,1.33E-05,4.00E-05,0.004544298,0.003157604,0.043173333,0.007454705,0.116243222,0.036459916,0.520644444,0.003681438,0.043173333,0.007454705,0.001884444,0.000652047,0.082226202,0.013558387
15,5,0.25,0.5,0.5,1,0.001093333,0.000652653,0.41046398,0.255820038,0.500411111,0.000322988,0.001093333,0.000652653,0.000271111,0.000205072,0.002181508,0.001300299,0.001093333,0.000652653,0.41046398,0.255820038,0.500411111,0.000322988,0.001093333,0.000652653,0.000271111,0.000205072,0.002181508,0.001300299,0.103746667,0.004752524,0.522344997,0.021880868,0.532964444,0.00316835,0.103746667,0.004752524,0.037817778,0.001584175,0.17046774,0.007808946,0.004224,0.001781972,0.422191969,0.127532743,0.501565333,0.000782843,0.004224,0.001781972,0.001093333,0.000609262,0.008375679,0.003510167,0.000813333,0.000803216,0.284365079,0.316510842,0.500308889,0.000356312,0.000813333,0.000803216,0.000195556,0.000230255,0.001622542,0.001600357,0.004346667,0.001742744,0.45947619,0.134889336,0.501513333,0.000781859,0.004346667,0.001742744,0.00132,0.000715832,0.008612595,0.003427273
15,5,0.25,0.5,1,0.5,0.000213333,0.000224697,0.033333333,0.179505494,0.500104444,0.000115063,0.000213333,0.000224697,4.44E-06,2.39E-05,0.000426475,0.000449159,0.000213333,0.000224697,0.033333333,0.179505494,0.500104444,0.000115063,0.000213333,0.000224697,4.44E-06,2.39E-05,0.000426475,0.000449159,0.158,0.0041774,0.272559853,0.019232963,0.569133333,0.002784933,0.158,0.0041774,0.019733333,0.001392467,0.259612225,0.006863949,0.000816,0.00112274,0.01030303,0.049463606,0.500404,0.000554001,0.000816,0.00112274,8.00E-06,3.17E-05,0.00162802,0.00223713,0,0,0,0,0.5,0,0,0,0,0,0,0,0.00132,0.001486472,0.034419192,0.086015532,0.500646667,0.000727889,0.00132,0.001486472,2.67E-05,5.33E-05,0.00263164,0.00295832
15,5,0.25,0.5,1,1,0.000426667,0.000412257,0.15,0.283333333,0.500195556,0.000207227,0.000426667,0.000412257,3.56E-05,5.90E-05,0.000852534,0.000823552,0.000426667,0.000412257,0.15,0.283333333,0.500195556,0.000207227,0.000426667,0.000412257,3.56E-05,5.90E-05,0.000852534,0.000823552,0.10396,0.005213674,0.521362799,0.024004025,0.533106667,0.003475783,0.10396,0.005213674,0.037746667,0.001737891,0.170818271,0.008566668,0.000904,0.000879309,0.207031746,0.271282473,0.500402667,0.000407477,0.000904,0.000879309,9.87E-05,0.000115655,0.001803928,0.001752797,6.67E-05,0.000149071,0,0,0.500033333,7.45E-05,6.67E-05,0.000149071,0,0,0.00013328,0.000298023,0.001133333,0.001012368,0.209470899,0.198545768,0.500495556,0.0004637,0.001133333,0.001012368,0.000142222,0.000157512,0.002260532,0.002017077
15,5,0.25,1,0.5,0.5,0.04476,0.00383298,0.002397038,0.003992266,0.522362222,0.001918385,0.04476,0.00383298,3.56E-05,5.90E-05,0.085650318,0.007020808,0.044973333,0.003928268,0.002386671,0.003975182,0.522468889,0.001966044,0.044973333,0.003928268,3.56E-05,5.90E-05,0.086039816,0.007191874,0.214026667,0.001277219,0.01461019,0.005880383,0.606484444,0.000851479,0.214026667,0.001277219,0.001057778,0.00042574,0.351670501,0.002098618,0.59056,0.01421751,0.053219563,0.005780823,0.789744,0.007016544,0.59056,0.01421751,0.011072,0.001285809,0.727295047,0.011012639,0.177333333,0.011647871,0.012244266,0.005304416,0.588304444,0.005874709,0.177333333,0.011647871,0.000724444,0.000303429,0.300527839,0.016937602,0.6644,0.013232284,0.065045861,0.005672148,0.824491111,0.006467273,0.6644,0.013232284,0.015417778,0.001490507,0.776708966,0.009176815
15,5,0.25,1,0.5,1,0.00572,0.00139006,0.127644507,0.100144508,0.502724444,0.000726989,0.00572,0.00139006,0.000271111,0.000205072,0.011362368,0.002745997,0.00572,0.00139006,0.127644507,0.100144508,0.502724444,0.000726989,0.00572,0.00139006,0.000271111,0.000205072,0.011362368,0.002745997,0.169026667,0.004119137,0.221792511,0.018964719,0.576484444,0.002746091,0.169026667,0.004119137,0.016057778,0.001373046,0.27773031,0.006768217,0.035384,0.00598997,0.183395846,0.048025746,0.516358667,0.002907856,0.035384,0.00598997,0.002666667,0.000854998,0.067755036,0.011041423,0.007586667,0.002033016,0.153030788,0.076965464,0.503568889,0.001018457,0.007586667,0.002033016,0.000448889,0.000237227,0.015030819,0.003998326,0.043826667,0.007326797,0.193738841,0.048825497,0.520164444,0.003614364,0.043826667,0.007326797,0.003497778,0.000969877,0.08303963,0.013276843
15,5,0.25,1,1,0.5,0.007733333,0.001522571,0.002380952,0.012821821,0.503864444,0.000765068,0.007733333,0.001522571,4.44E-06,2.39E-05,0.015343311,0.002996551,0.007733333,0.001522571,0.002380952,0.012821821,0.503864444,0.000765068,0.007733333,0.001522571,4.44E-06,2.39E-05,0.015343311,0.002996551,0.21348,0.000986036,0.017127072,0.00453976,0.60612,0.000657357,0.21348,0.000986036,0.00124,0.000328679,0.350772264,0.001620171,0.372944,0.016474321,0.035978566,0.005122514,0.684149333,0.008108844,0.372944,0.016474321,0.004645333,0.00072901,0.537604782,0.017183335,0.0288,0.010283968,0.003043631,0.006008769,0.514384444,0.005134882,0.0288,0.010283968,3.11E-05,5.64E-05,0.055788171,0.019360772,0.449186667,0.014018838,0.047902704,0.006117656,0.72082,0.006803292,0.449186667,0.014018838,0.007546667,0.001080795,0.6102497,0.01275428
15,5,0.25,1,1,1,0.002773333,0.001092683,0.039563492,0.07055396,0.501368889,0.000549945,0.002773333,0.001092683,3.56E-05,5.90E-05,0.005528407,0.00217351,0.002773333,0.001092683,0.039563492,0.07055396,0.501368889,0.000549945,0.002773333,0.001092683,3.56E-05,5.90E-05,0.005528407,0.00217351,0.1742,0.003667151,0.197974217,0.016883755,0.579933333,0.002444768,0.1742,0.003667151,0.014333333,0.001222384,0.286230693,0.006025553,0.033248,0.006859336,0.098096355,0.033223386,0.516021333,0.003355008,0.033248,0.006859336,0.001205333,0.000493124,0.064041467,0.012756312,0.00228,0.001587115,0.009325397,0.02890363,0.501133333,0.000785988,0.00228,0.001587115,1.33E-05,4.00E-05,0.004544298,0.003157604,0.043173333,0.007454705,0.116243222,0.036459916,0.520644444,0.003681438,0.043173333,0.007454705,0.001884444,0.000652047,0.082226202,0.013558387
15,5,0.25,1.5,0.5,0.5,0.16252,0.007186023,0.000661027,0.001097685,0.581242222,0.00359615,0.16252,0.007186023,3.56E-05,5.90E-05,0.279508237,0.010642072,0.16428,0.007452713,0.000736359,0.001126135,0.58212,0.003730332,0.16428,0.007452713,4.00E-05,6.11E-05,0.282100822,0.011011762,0.216946667,0.000282528,0.00116636,0.001300775,0.608431111,0.000188352,0.216946667,0.000282528,8.44E-05,9.42E-05,0.356468397,0.000464227,0.945016,0.005043941,0.048726165,0.004499595,0.964437333,0.002713298,0.945016,0.005043941,0.016141333,0.001556386,0.948124369,0.003635047,0.575226667,0.010107124,0.009401321,0.003228206,0.786702222,0.005035775,0.575226667,0.010107124,0.001822222,0.000630422,0.72776415,0.008127607,0.965906667,0.0044908,0.061712547,0.004622076,0.97236,0.002147219,0.965906667,0.0044908,0.021186667,0.001716965,0.951883092,0.002797656
15,5,0.25,1.5,0.5,1,0.015986667,0.002252071,0.049168487,0.037148826,0.507857778,0.001157869,0.015986667,0.002252071,0.000271111,0.000205072,0.031436114,0.004363465,0.016,0.00225566,0.049904967,0.03737581,0.507862222,0.001160451,0.016,0.00225566,0.000275556,0.000206368,0.031461504,0.004370599,0.1964,0.003049809,0.095764273,0.014041477,0.594733333,0.002033206,0.1964,0.003049809,0.006933333,0.001016603,0.322707854,0.005011188,0.184536,0.014589993,0.09424658,0.013369928,0.589065333,0.007124287,0.184536,0.014589993,0.006405333,0.001075285,0.306336846,0.020412532,0.032866667,0.005352715,0.068051491,0.033008872,0.51604,0.002706021,0.032866667,0.005352715,0.000786667,0.000372936,0.063446175,0.010019688,0.24216,0.016485824,0.099717739,0.011599975,0.616602222,0.00796376,0.24216,0.016485824,0.008955556,0.001315022,0.381353621,0.020572615
15,5,0.25,1.5,1,0.5,0.071973333,0.005431693,0.000178253,0.000959922,0.535984444,0.00271488,0.071973333,0.005431693,4.44E-06,2.39E-05,0.134232428,0.009433222,0.072586667,0.005419701,0.000176367,0.000949765,0.536291111,0.002708805,0.072586667,0.005419701,4.44E-06,2.39E-05,0.13529956,0.00940383,0.21704,0.00022151,0.000736648,0.001019843,0.608493333,0.000147673,0.21704,0.00022151,5.33E-05,7.38E-05,0.356621755,0.000363966,0.895464,0.006242876,0.035956298,0.003654134,0.942162667,0.003038601,0.895464,0.006242876,0.011138667,0.001191439,0.928472525,0.003497255,0.51944,0.01008529,0.003478213,0.001561255,0.759417778,0.005046889,0.51944,0.01008529,0.000604444,0.000270491,0.682853091,0.008721973,0.923546667,0.006785658,0.048436903,0.004017457,0.953933333,0.003131678,0.923546667,0.006785658,0.01568,0.001424276,0.937323029,0.003280222
15,5,0.25,1.5,1,1,0.013866667,0.001723046,0.008036909,0.013462486,0.506915556,0.000870408,0.013866667,0.001723046,3.56E-05,5.90E-05,0.027345617,0.003352938,0.01388,0.00173482,0.008036909,0.013462486,0.506922222,0.00087637,0.01388,0.00173482,3.56E-05,5.90E-05,0.027371481,0.003375803,0.204666667,0.002557777,0.057704113,0.011776136,0.600244444,0.001705185,0.204666667,0.002557777,0.004177778,0.000852592,0.336290941,0.004202722,0.246056,0.013096811,0.064503056,0.01023016,0.6202,0.006503661,0.246056,0.013096811,0.005656,0.000947733,0.389455068,0.016612822,0.04224,0.006993788,0.015201927,0.009619994,0.521015556,0.003513221,0.04224,0.006993788,0.000208889,0.000127347,0.080922479,0.012849095,0.30112,0.015611756,0.075815514,0.00972301,0.64644,0.007678823,0.30112,0.015611756,0.00824,0.001202171,0.454012396,0.017989687
15,15,0.25,0.5,0.5,0.5,0.01016,0.002180153,0.002232143,0.008371776,0.505075556,0.001087264,0.01016,0.002180153,8.89E-06,3.33E-05,0.020105799,0.0042727,0.01016,0.002180153,0.002232143,0.008371776,0.505075556,0.001087264,0.01016,0.002180153,8.89E-06,3.33E-05,0.020105799,0.0042727,0.214253333,0.001266947,0.013566605,0.005833091,0.606635556,0.000844632,0.214253333,0.001266947,0.000982222,0.000422316,0.35204294,0.002081741,0.392888,0.016774894,0.033832002,0.006250031,0.694145333,0.008240083,0.392888,0.016774894,0.004597333,0.000925391,0.558393813,0.016787456,0.048146667,0.009958036,0.003454065,0.004785483,0.524046667,0.004980619,0.048146667,0.009958036,5.33E-05,7.38E-05,0.091683847,0.018147388,0.462013333,0.015529236,0.045709755,0.005798474,0.727313333,0.007601933,0.462013333,0.015529236,0.007386667,0.001036576,0.622432319,0.014067152
15,15,0.25,0.5,0.5,1,0.00088,0.000569444,0.016666667,0.062360956,0.500435556,0.000282703,0.00088,0.000569444,8.89E-06,3.33E-05,0.001757742,0.001136678,0.00088,0.000569444,0.016666667,0.062360956,0.500435556,0.000282703,0.00088,0.000569444,8.89E-06,3.33E-05,0.001757742,0.001136678,0.182986667,0.003368455,0.157519951,0.01550854,0.585791111,0.002245637,0.182986667,0.003368455,0.011404444,0.001122818,0.3006682,0.00553476,0.010992,0.006187078,0.036613299,0.038025507,0.505408,0.003027185,0.010992,0.006187078,0.000176,0.000220609,0.021654992,0.01206848,0.0002,0.00032249,0.016666667,0.089752747,0.500097778,0.000160308,0.0002,0.00032249,4.44E-06,2.39E-05,0.000399702,0.000644399,0.018133333,0.009947775,0.054202187,0.039522795,0.508873333,0.004865703,0.018133333,0.009947775,0.000386667,0.000300814,0.035381134,0.019139073
15,15,0.25,0.5,1,0.5,0.001026667,0.000642357,0.011111111,0.059835165,0.500511111,0.000322184,0.001026667,0.000642357,4.44E-06,2.39E-05,0.002050384,0.001281533,0.001026667,0.000642357,0.011111111,0.059835165,0.500511111,0.000322184,0.001026667,0.000642357,4.44E-06,2.39E-05,0.002050384,0.001281533,0.181786667,0.003302901,0.163044813,0.015206727,0.584991111,0.002201934,0.181786667,0.003302901,0.011804444,0.001100967,0.298696462,0.005427047,0.011944,0.005944818,0.03734175,0.033892591,0.505886667,0.002927183,0.011944,0.005944818,0.000170667,0.000164471,0.023523082,0.011560273,0.000173333,0.000382041,0,0,0.500086667,0.000191021,0.000173333,0.000382041,0,0,0.000346315,0.00076276,0.01992,0.007320765,0.054779954,0.032449407,0.509768889,0.003614364,0.01992,0.007320765,0.000382222,0.000235346,0.038913709,0.014003506
15,15,0.25,0.5,1,1,0.000253333,0.000334398,0.05,0.197905701,0.500122222,0.000168728,0.000253333,0.000334398,8.89E-06,3.33E-05,0.000506304,0.000668204,0.000253333,0.000334398,0.05,0.197905701,0.500122222,0.000168728,0.000253333,0.000334398,8.89E-06,3.33E-05,0.000506304,0.000668204,0.156333333,0.003241536,0.280233272,0.014924199,0.568022222,0.002161024,0.156333333,0.003241536,0.020288889,0.001080512,0.256873699,0.005326218,0.00104,0.00132906,0.025416667,0.090646789,0.500512,0.000656379,0.00104,0.00132906,1.60E-05,5.09E-05,0.00207409,0.002646172,1.33E-05,7.18E-05,0,0,0.500006667,3.59E-05,1.33E-05,7.18E-05,0,0,2.67E-05,0.000143547,0.00156,0.001919305,0.052602149,0.128041127,0.50076,0.000938967,0.00156,0.001919305,4.00E-05,7.81E-05,0.00310697,0.003816034
15,15,0.25,1,0.5,0.5,0.446613333,0.009991321,6.10E-05,0.000228325,0.723302222,0.00500014,0.446613333,0.009991321,8.89E-06,3.33E-05,0.617383715,0.009503716,0.461426667,0.0107066,5.89E-05,0.000220554,0.730708889,0.005357238,0.461426667,0.0107066,8.89E-06,3.33E-05,0.631389777,0.009983051,0.2172,0,0,0,0.6086,2.22E-16,0.2172,0,0,0,0.356884653,1.67E-16,0.995872,0.001206489,0.036295477,0.003542053,0.991682667,0.000954387,0.995872,0.001206489,0.012506667,0.001263505,0.979521021,0.002032094,0.95412,0.004627051,0.003324962,0.001289286,0.976528889,0.002248287,0.95412,0.004627051,0.001062222,0.000415241,0.974926169,0.002282182,0.997266667,0.000864613,0.048658818,0.004042229,0.990128889,0.000859101,0.997266667,0.000864613,0.017008889,0.001483812,0.973758177,0.002161319
15,15,0.25,1,0.5,1,0.035973333,0.004031785,0.000730364,0.00273631,0.517982222,0.002015711,0.035973333,0.004031785,8.89E-06,3.33E-05,0.069417366,0.007506547,0.036213333,0.004043409,0.000723278,0.002711379,0.518102222,0.002021348,0.036213333,0.004043409,8.89E-06,3.33E-05,0.069864338,0.007524808,0.216426667,0.000592696,0.003560467,0.002728804,0.608084444,0.000395131,0.216426667,0.000592696,0.000257778,0.000197565,0.355613977,0.000973868,0.71496,0.009914837,0.036765286,0.004721539,0.852926667,0.004771326,0.71496,0.009914837,0.009106667,0.001255955,0.820681848,0.006294207,0.266173333,0.017052604,0.004493142,0.002745944,0.632886667,0.008523886,0.266173333,0.017052604,0.0004,0.000243432,0.41975551,0.02108445,0.76776,0.010304484,0.048504829,0.006254596,0.877344444,0.004622075,0.76776,0.010304484,0.013071111,0.001882625,0.849742206,0.005318496
15,15,0.25,1,1,0.5,0.037013333,0.003398405,0.000387597,0.002087273,0.518504444,0.001701214,0.037013333,0.003398405,4.44E-06,2.39E-05,0.071362974,0.006307241,0.037253333,0.003520202,0.000387597,0.002087273,0.518624444,0.001762194,0.037253333,0.003520202,4.44E-06,2.39E-05,0.071807724,0.006530651,0.216493333,0.000553132,0.00325353,0.002546651,0.608128889,0.000368755,0.216493333,0.000553132,0.000235556,0.000184377,0.355723518,0.00090886,0.714032,0.012123852,0.037486218,0.004965756,0.852376,0.005905293,0.714032,0.012123852,0.00928,0.001316966,0.819790002,0.007850375,0.268253333,0.01337958,0.004639612,0.002331666,0.633917778,0.006676053,0.268253333,0.01337958,0.000417778,0.000214257,0.422434677,0.016572444,0.766186667,0.010695661,0.050097153,0.005460597,0.876353333,0.005253433,0.766186667,0.010695661,0.01348,0.001584125,0.848160392,0.006759754
15,15,0.25,1,1,1,0.01016,0.002180153,0.002232143,0.008371776,0.505075556,0.001087264,0.01016,0.002180153,8.89E-06,3.33E-05,0.020105799,0.0042727,0.01016,0.002180153,0.002232143,0.008371776,0.505075556,0.001087264,0.01016,0.002180153,8.89E-06,3.33E-05,0.020105799,0.0042727,0.214253333,0.001266947,0.013566605,0.005833091,0.606635556,0.000844632,0.214253333,0.001266947,0.000982222,0.000422316,0.35204294,0.002081741,0.392888,0.016774894,0.033832002,0.006250031,0.694145333,0.008240083,0.392888,0.016774894,0.004597333,0.000925391,0.558393813,0.016787456,0.048146667,0.009958036,0.003454065,0.004785483,0.524046667,0.004980619,0.048146667,0.009958036,5.33E-05,7.38E-05,0.091683847,0.018147388,0.462013333,0.015529236,0.045709755,0.005798474,0.727313333,0.007601933,0.462013333,0.015529236,0.007386667,0.001036576,0.622432319,0.014067152
15,15,0.25,1.5,0.5,0.5,0.977053333,0.002621925,2.72E-05,0.00010196,0.988522222,0.001309123,0.977053333,0.002621925,8.89E-06,3.33E-05,0.988378393,0.001336819,0.982026667,0.002424175,2.71E-05,0.000101441,0.991008889,0.001210048,0.982026667,0.002424175,8.89E-06,3.33E-05,0.990917001,0.001229003,0.2172,0,0,0,0.6086,2.22E-16,0.2172,0,0,0,0.356884653,1.67E-16,1,0,0.036284095,0.003514151,0.993722667,0.000630817,1,0,0.012554667,0.001261635,0.981519475,0.001822864,0.999986667,7.18E-05,0.003347312,0.001224586,0.999433333,0.000218242,0.999986667,7.18E-05,0.00112,0.000411105,0.998316528,0.000625341,1,0,0.048652588,0.004075888,0.991473333,0.00075018,1,0,0.017053333,0.00150036,0.975062713,0.002140256
15,15,0.25,1.5,0.5,1,0.284933333,0.010657996,9.57E-05,0.000358289,0.642462222,0.005331831,0.284933333,0.010657996,8.89E-06,3.33E-05,0.443382798,0.012923157,0.292333333,0.010742108,9.30E-05,0.000348049,0.646162222,0.005373534,0.292333333,0.010742108,8.89E-06,3.33E-05,0.452295446,0.012876711,0.217173333,9.98E-05,0.000122775,0.000459381,0.608582222,6.65E-05,0.217173333,9.98E-05,8.89E-06,3.33E-05,0.356840837,0.000163946,0.988376,0.001810918,0.03678801,0.004214093,0.987893333,0.001217648,0.988376,0.001810918,0.012589333,0.001495258,0.97562663,0.00240903,0.890813333,0.006794102,0.003978416,0.001209696,0.944813333,0.003387358,0.890813333,0.006794102,0.001186667,0.000363277,0.940469996,0.003810283,0.992146667,0.001574745,0.048901006,0.005776362,0.987564444,0.001080978,0.992146667,0.001574745,0.017017778,0.00212177,0.971178172,0.002850049
15,15,0.25,1.5,1,0.5,0.286386667,0.007145336,4.64E-05,0.000250008,0.643191111,0.003572559,0.286386667,0.007145336,4.44E-06,2.39E-05,0.445204882,0.008644739,0.294053333,0.007135065,4.54E-05,0.000244225,0.647024444,0.003567694,0.294053333,0.007135065,4.44E-06,2.39E-05,0.45441695,0.008528065,0.217186667,7.18E-05,6.14E-05,0.000330581,0.608591111,4.79E-05,0.217186667,7.18E-05,4.44E-06,2.39E-05,0.356862745,0.000117979,0.988128,0.002295652,0.03744188,0.004173449,0.987654667,0.00134215,0.988128,0.002295652,0.012818667,0.001485218,0.975169486,0.002397941,0.89192,0.005750733,0.004005356,0.001107547,0.945362222,0.002909177,0.89192,0.005750733,0.001195556,0.000331074,0.941079288,0.003336189,0.992146667,0.001657253,0.049745875,0.005367012,0.987411111,0.001213514,0.992146667,0.001657253,0.017324444,0.001974934,0.970739762,0.002838515
15,15,0.25,1.5,1,1,0.109333333,0.005533253,0.000239378,0.000895673,0.554662222,0.002765337,0.109333333,0.005533253,8.89E-06,3.33E-05,0.197065671,0.009004393,0.110746667,0.005693255,0.000234742,0.000878323,0.555368889,0.00284476,0.110746667,0.005693255,8.89E-06,3.33E-05,0.199357137,0.009245671,0.21712,0.000190438,0.000368324,0.000876787,0.608546667,0.000126959,0.21712,0.000190438,2.67E-05,6.35E-05,0.356753204,0.000312912,0.909616,0.006161537,0.036209424,0.004079099,0.949109333,0.003090135,0.909616,0.006161537,0.011397333,0.001334197,0.935904551,0.003726265,0.627,0.012031403,0.003348378,0.001513039,0.813148889,0.006022198,0.627,0.012031403,0.000702222,0.000315399,0.769680617,0.009057836,0.929693333,0.00716412,0.048819381,0.004307386,0.956888889,0.003376096,0.929693333,0.00716412,0.015915556,0.001512215,0.940290601,0.003640187
